{"cameraMode":{"drawMode":0,"name":"Shaded","section":"Shading Mode"},"sceneLighting":false,"audioPlay":false,"sceneViewState":{"showFog":true,"showMaterialUpdate":false,"showSkybox":false,"showFlares":true,"showImageEffects":true,"showParticleSystems":true},"in2DMode":false,"pivot":{"x":-0.2916474938392639,"y":3.473330020904541,"z":66.18556213378906},"rotation":{"x":0.5504481196403503,"y":-0.002503348281607032,"z":0.0016522591467946768,"w":0.8348739147186279},"size":18.82760238647461,"orthographic":false}