{"cameraMode":{"drawMode":0,"name":"Shaded","section":"Shading Mode"},"sceneLighting":true,"audioPlay":false,"sceneViewState":{"showFog":true,"showMaterialUpdate":false,"showSkybox":true,"showFlares":true,"showImageEffects":true,"showParticleSystems":true},"in2DMode":false,"pivot":{"x":0.668716311454773,"y":-10.931814193725586,"z":75.37945556640625},"rotation":{"x":0.3723441958427429,"y":0.017261270433664323,"z":-0.006925732363015413,"w":0.9279170632362366},"size":49.86194610595703,"orthographic":false}